mes,loja,indicador,meta
2026-01,CGR,PV,194976.68
2026-02,CGR,PV,194976.68
2026-03,CGR,PV,194976.68
2026-04,CGR,PV,186598.78
2026-05,CGR,PV,197769.32
2026-06,CGR,PV,206147.22
2026-07,CGR,PV,229757.68
2026-08,CGR,PV,233311.94
2026-09,CGR,PV,234581.32
2026-10,CGR,PV,238389.46
2026-10,CGR,TSI,93.5
2026-10,CGR,PASSAGENS,621
2026-10,CGR,CAMPANHAS,6
2026-10,CGR,LEADS,44
2026-10,CGR,SLA,70
2026-10,CGR,FATURAMENTO,580000
2026-10,CGR,PNEU,12
2026-10,CGR,OLEO_10W30,1255
2026-10,CGR,OLEO_SCOOTER,48
2026-10,CGR,OLEO_20W50,770
2026-10,CGR,KIT_LUB,24
2026-10,CGR,BATERIA,24
2026-10,TEM,TSI,93.5
2026-10,TEM,PASSAGENS,506
2026-10,TEM,CAMPANHAS,3
2026-10,TEM,LEADS,44
2026-10,TEM,SLA,70
2026-10,TEM,FATURAMENTO,111000
2026-10,TEM,PV,42000
2026-10,TEM,OLEO_10W30,624
2026-10,TEM,OLEO_SCOOTER,24
2026-10,TEM,KIT_LUB,24
2026-10,TEM,BATERIA,9
